feature,mean_abs_shap
PM2.5,6.7081585
AQI_rolling_min_30,2.0100243
CO_rolling_min_14,1.4943737
day_of_year_cos,1.1831025
day_of_year,0.5662047
AQI,0.5223283
PM2.5_rolling_mean_3,0.49432245
PM10_change_7,0.46057191
PM2.5_rolling_min_3,0.4510375
PM2.5_rolling_max_3,0.44014147
PM2.5_rolling_min_14,0.4317523
PM2.5_change_1,0.37147593
CO_rolling_std_14,0.36045828
PM2.5_change_3,0.3485199
PM10_change_1,0.33075854
NO2_rolling_mean_14,0.30887318
SO2_rolling_max_14,0.29938957
PM10_pct_change_1,0.2971927
CO_rolling_std_30,0.2747239
Humidity_lag_14,0.26729682
PM2.5_rolling_min_30,0.25929233
AQI_rolling_mean_30,0.2565517
PM10_rolling_mean_3,0.2546335
PM10,0.24915661
O3_rolling_max_7,0.24406189
NO2_change_3,0.24129216
O3,0.2277243
O3_change_3,0.21959697
NO2_rolling_max_30,0.21403968
NO2_rolling_std_30,0.20747149
Temperature_lag_3,0.20390467
day_of_year_sin,0.20108087
O3_change_7,0.20004821
PM10_lag_21,0.19915886
AQI_change_1,0.19528319
AQI_rolling_std_14,0.18696374
SO2,0.18125899
AQI_pct_change_1,0.18061681
NO2_lag_14,0.18044229
Humidity_lag_7,0.17460673
PM2.5_change_7,0.1709706
PM10_change_3,0.17005545
PM2.5_rolling_std_30,0.16966838
AQI_momentum_14,0.16740878
NO2_lag_30,0.16553147
SO2_change_1,0.15434088
PM2.5_rolling_std_14,0.15433522
PM10_rolling_max_7,0.15383278
O3_lag_14,0.15357496
AQI_change_7,0.15190361
PM25_Humidity_interaction,0.15056409
PM2.5_rolling_max_30,0.14805277
PM10_pct_change_7,0.14604072
CO_lag_3,0.14455226
PM2.5_pct_change_1,0.14394452
SO2_lag_30,0.14384139
Temp_Humidity_interaction,0.14250179
SO2_rolling_std_3,0.1409377
PM2.5_lag_21,0.14051716
O3_lag_30,0.14017405
PM10_rolling_max_3,0.13881601
Temperature_lag_30,0.1384515
O3_rolling_min_14,0.13749126
O3_rolling_min_3,0.13582186
CO_lag_30,0.13514136
SO2_lag_21,0.13498312
Humidity,0.13490337
Temperature_lag_7,0.1347865
O3_rolling_min_7,0.13271046
AQI_lag_21,0.13044344
AQI_rolling_std_7,0.1279278
NO2_lag_21,0.12778848
PM2.5_rolling_min_7,0.12741834
CO_pct_change_1,0.1264544
Temperature,0.1261996
O3_lag_3,0.12559125
PM10_rolling_std_14,0.12327824
SO2_rolling_std_7,0.122086465
O3_change_1,0.12196859
SO2_rolling_std_14,0.120951355
NO2_rolling_std_14,0.12037823
SO2_change_3,0.11828802
PM10_lag_2,0.11798787
AQI_rolling_std_30,0.11736599
PM10_rolling_std_3,0.117268324
AQI_rolling_min_14,0.116363205
AQI_change_3,0.11634124
AQI_pct_change_7,0.1162197
PM10_lag_14,0.114655405
PM2.5_rolling_mean_14,0.1141412
PM2.5_rolling_max_7,0.11277088
NO2_rolling_mean_7,0.11076864
Temperature_lag_1,0.109887384
CO_NO2_ratio,0.10874612
O3_rolling_std_14,0.10794117
AQI_lag_30,0.10596126
O3_rolling_std_30,0.105408065
SO2_pct_change_1,0.104704656
PM10_rolling_mean_14,0.10389402
PM25_PM10_ratio,0.103343286
CO_rolling_min_30,0.10279465
PM10_lag_3,0.10035633
NO2_change_7,0.099425524
SO2_lag_2,0.09816662
PM10_rolling_std_30,0.09767883
NO2_rolling_max_7,0.097165175
CO_change_7,0.09687189
CO_rolling_std_3,0.09587913
PM2.5_lag_30,0.094972156
AQI_rolling_min_7,0.09478315
CO_change_1,0.09369057
SO2_rolling_min_3,0.093674384
PM10_rolling_min_14,0.09327828
O3_lag_7,0.093178
CO_lag_7,0.0930898
PM2.5_rolling_std_3,0.093080305
PM2.5_lag_14,0.09190538
O3_lag_2,0.09189383
O3_rolling_std_3,0.09043107
PM10_rolling_mean_7,0.09012437
SO2_lag_3,0.08976097
Humidity_lag_30,0.08758222
PM10_Humidity_interaction,0.08712863
NO2_rolling_std_7,0.0865541
AQI_lag_2,0.08570042
NO2_change_1,0.085208945
PM10_lag_7,0.08489451
AQI_rolling_mean_14,0.08296089
PM2.5_rolling_mean_7,0.082425736
SO2_rolling_mean_30,0.08221522
Precipitation,0.08160311
CO_lag_21,0.0810098
NO2_rolling_std_3,0.07901434
SO2_lag_1,0.079009
Humidity_lag_2,0.07829345
NO2_rolling_min_14,0.0777878
Temperature_lag_14,0.07757868
O3_rolling_min_30,0.07737394
SO2_rolling_min_14,0.07584842
O3_rolling_max_14,0.075732954
AQI_rolling_max_7,0.07482886
SO2_rolling_std_30,0.074598804
O3_pct_change_1,0.074220374
PM10_rolling_min_3,0.074071534
PM2.5_rolling_mean_30,0.07391723
O3_rolling_mean_3,0.073279284
Humidity_lag_21,0.0731372
NO2_lag_3,0.072603785
AQI_lag_14,0.07258415
PM2.5_lag_2,0.07175199
CO_rolling_min_7,0.07173901
PM10_lag_30,0.07157025
NO2_O3_ratio,0.07146815
Temperature_lag_2,0.07145953
NO2_lag_2,0.07102123
SO2_rolling_mean_7,0.07078958
O3_lag_1,0.0707606
month_sin,0.0706125
Humidity_lag_1,0.07059979
CO_rolling_mean_14,0.07023421
NO2_rolling_min_7,0.06955222
AQI_lag_3,0.06914559
PM10_rolling_std_7,0.06891924
CO_pct_change_7,0.06881946
CO_rolling_mean_3,0.06809509
NO2_lag_7,0.067294575
AQI_lag_7,0.06660279
SO2_lag_7,0.06635352
NO2_pct_change_1,0.066032685
NO2_rolling_min_3,0.06601144
PM2.5_lag_1,0.06512239
SO2_rolling_mean_14,0.065031074
CO_rolling_mean_7,0.064053886
NO2_pct_change_7,0.063593976
PM10_lag_1,0.06326258
Temperature_lag_21,0.0630543
PM2.5_rolling_std_7,0.062384922
PM2.5_lag_7,0.062261418
O3_rolling_std_7,0.061773304
PM2.5_pct_change_7,0.06135912
O3_pct_change_7,0.060713917
AQI_rolling_mean_7,0.060614627
AQI_rolling_max_14,0.060355645
O3_rolling_mean_30,0.060314536
PM10_rolling_max_14,0.058653355
PM10_rolling_mean_30,0.05822441
day,0.058176506
CO_lag_14,0.05762362
SO2_change_7,0.057205487
Humidity_lag_3,0.056461006
NO2_rolling_max_3,0.056261003
O3_rolling_mean_14,0.056182444
O3_lag_21,0.053824563
SO2_rolling_min_30,0.05259118
AQI_rolling_min_3,0.052345335
O3_rolling_mean_7,0.05218369
SO2_lag_14,0.0520736
SO2_pct_change_7,0.051436707
CO_change_3,0.050472166
O3_rolling_max_30,0.048741683
AQI_lag_1,0.047637586
NO2,0.04675424
AQI_rolling_std_3,0.046288203
CO_rolling_std_7,0.04604019
SO2_rolling_max_7,0.04529366
NO2_lag_1,0.0452036
SO2_rolling_max_3,0.04516235
day_of_week,0.044960994
CO,0.044214237
SO2_rolling_min_7,0.043914795
NO2_rolling_min_30,0.042358354
CO_lag_1,0.041370764
PM10_rolling_min_30,0.040837225
NO2_rolling_max_14,0.040005565
CO_rolling_max_3,0.03987443
month_cos,0.03959424
CO_lag_2,0.038923677
O3_rolling_max_3,0.03889597
CO_rolling_min_3,0.036626283
AQI_rolling_mean_3,0.036096808
PM2.5_lag_3,0.034755036
PM2.5_rolling_max_14,0.03265226
PM10_rolling_min_7,0.032538038
AQI_rolling_max_30,0.032029275
SO2_rolling_mean_3,0.031740803
PM10_rolling_max_30,0.030829132
NO2_rolling_mean_3,0.03065739
AQI_rolling_max_3,0.03053757
NO2_rolling_mean_30,0.030309917
CO_rolling_mean_30,0.028895488
CO_rolling_max_7,0.02674354
CO_rolling_max_30,0.020774571
AQI_momentum_7,0.019466722
dow_sin,0.019432629
CO_rolling_max_14,0.016957926
dow_cos,0.016483543
SO2_rolling_max_30,0.015242097
month,0.014651012
AQI_momentum_3,0.012768534
is_weekend,0.0005370736
