Feature,Importance
PM2.5,0.056765334092427885
PM2.5_rolling_mean_3,0.041131728049744055
AQI,0.033683855153571744
PM2.5_rolling_max_3,0.02936894643951771
PM2.5_rolling_min_3,0.023999132351953712
CO_rolling_min_14,0.020606874967138242
CO_rolling_mean_14,0.019331697570166586
PM2.5_rolling_mean_7,0.01756557850317677
day_of_year_cos,0.016651935352927263
AQI_rolling_min_30,0.016568242411995254
PM2.5_rolling_mean_14,0.014698927552100574
PM2.5_rolling_mean_30,0.013401996617907062
CO_rolling_mean_7,0.012882133724656197
AQI_rolling_mean_14,0.012640832136678914
AQI_rolling_max_3,0.01239559575569589
PM2.5_rolling_max_7,0.01231761768373491
CO_rolling_min_7,0.012259712338223932
AQI_rolling_mean_30,0.012156478440300747
PM25_Humidity_interaction,0.01197095341250625
AQI_rolling_mean_7,0.01139948724324145
AQI_rolling_min_3,0.010265686800647125
PM2.5_change_7,0.009424097057417546
PM2.5_lag_1,0.009173395098849912
NO2_rolling_max_30,0.00882079807545319
PM10,0.008778845556906617
CO_rolling_mean_3,0.008442214321782838
PM2.5_rolling_min_30,0.007992559028865512
CO,0.007776198204207831
CO_rolling_min_30,0.007695368024826324
PM2.5_change_3,0.007554047938112433
AQI_rolling_mean_3,0.007435677300218826
AQI_rolling_max_7,0.006818023551155403
PM2.5_change_1,0.006654142657761996
NO2_rolling_mean_14,0.006533305031932082
PM2.5_rolling_min_14,0.006160374029377804
PM2.5_rolling_std_14,0.0060643768923764295
NO2_rolling_mean_7,0.006020245190678526
NO2_rolling_max_7,0.00578324015004229
PM10_change_7,0.005589760762493214
PM2.5_rolling_max_14,0.0053416248106436266
PM10_change_3,0.005164914871171122
PM2.5_rolling_min_7,0.005073446792602137
PM2.5_pct_change_1,0.004991300158726707
O3,0.0049578113941806945
NO2_rolling_max_14,0.0049197647393244915
AQI_rolling_min_7,0.004820457660365672
NO2_rolling_mean_30,0.004813464934974135
NO2_rolling_std_30,0.004755151857353221
AQI_rolling_min_14,0.0047399256713597385
PM2.5_pct_change_7,0.004623338890027468
PM10_pct_change_7,0.0044998284582575
CO_rolling_max_7,0.004424214425007829
PM10_rolling_min_3,0.004402309020692343
PM10_change_1,0.004296957277848979
CO_rolling_max_3,0.004276732647978481
Temp_Humidity_interaction,0.004104495813329693
PM2.5_rolling_std_30,0.004069015058134
SO2_rolling_mean_7,0.003939747833328472
AQI_change_7,0.0038594215612723914
PM10_rolling_max_3,0.0038465629443777266
SO2,0.0038292228680518597
PM10_rolling_mean_30,0.003818383044848398
PM10_pct_change_1,0.003737151141223997
CO_rolling_min_3,0.00362414233049485
PM10_Humidity_interaction,0.0035698111521125955
AQI_rolling_std_30,0.0035687495363603754
day_of_year,0.003513144047850097
Temperature_lag_2,0.0034734202245099693
AQI_momentum_7,0.0034574678666876206
O3_rolling_min_3,0.003414604463626248
Temperature_lag_1,0.003411203083784273
AQI_rolling_max_14,0.003384399236323167
PM2.5_rolling_max_30,0.003368818527907785
AQI_lag_1,0.0033347309285591317
PM25_PM10_ratio,0.0031944740381399323
day_of_year_sin,0.003176206833551986
PM10_rolling_mean_3,0.003132881454385839
CO_rolling_max_14,0.00309561365847667
CO_rolling_mean_30,0.0030656695739985098
SO2_rolling_min_3,0.002964098097002182
Humidity_lag_14,0.0029277159754415023
AQI_momentum_14,0.0028649442615776175
AQI_change_1,0.0028592620056011354
Humidity_lag_7,0.0028592122149523366
O3_rolling_mean_3,0.002812367192101435
O3_change_7,0.002790957555394755
PM10_rolling_std_30,0.0027673046493158176
PM10_rolling_mean_7,0.002738893450991275
AQI_pct_change_1,0.002703921655916454
AQI_pct_change_7,0.002681987941314798
Temperature,0.002654398085143483
CO_rolling_std_14,0.0026243311757376524
NO2_rolling_std_7,0.0026227087632277254
AQI_change_3,0.0026061880784368015
AQI_momentum_3,0.00257126449461301
SO2_rolling_mean_3,0.0025643375277332333
SO2_rolling_std_30,0.002538532854590669
CO_rolling_std_30,0.002533635494961366
PM2.5_rolling_std_3,0.0025210007799652935
PM10_rolling_mean_14,0.0025068141336553476
SO2_rolling_mean_14,0.0025062292174562154
PM10_rolling_max_7,0.0024535268522331535
CO_rolling_std_7,0.0024289191034144123
month_cos,0.002401011012345506
O3_rolling_std_30,0.002369943491108673
NO2,0.0023540095301880187
AQI_rolling_std_14,0.0023507624960080607
Temperature_lag_7,0.0023118037690691953
CO_rolling_max_30,0.0023101746707802676
PM10_rolling_max_30,0.002239053890849874
SO2_rolling_mean_30,0.0022384728141876323
PM10_rolling_std_3,0.0021556688098851614
PM10_lag_1,0.002148950542071694
SO2_rolling_std_14,0.002144510877218661
O3_rolling_max_3,0.0021363110075279333
Humidity_lag_21,0.002131204612422456
Temperature_lag_14,0.002129908277678395
CO_lag_2,0.0021250101969940535
NO2_rolling_min_7,0.0021108309051833633
CO_lag_7,0.002085868839900002
SO2_rolling_min_7,0.002072035024639378
SO2_change_1,0.002071923797583048
O3_lag_30,0.002048180692692158
SO2_rolling_max_7,0.002045321149372326
AQI_lag_7,0.0020253339214833825
AQI_lag_2,0.0020134981554085518
O3_lag_1,0.002009503600385558
Temperature_lag_21,0.0020093763224160845
AQI_lag_30,0.0020011975026925245
Temperature_lag_3,0.0019981869837222958
Humidity,0.001992675695644787
CO_lag_30,0.0019889573706504916
NO2_rolling_min_14,0.001970360202806514
O3_change_3,0.001965413943609814
O3_rolling_mean_30,0.001964821915673851
PM10_rolling_std_14,0.0019573921960826073
O3_pct_change_7,0.001953771672862657
NO2_rolling_std_14,0.0019492179594291525
AQI_rolling_max_30,0.0019444176277938852
SO2_rolling_min_14,0.001942677625877026
CO_rolling_std_3,0.0019407835346173408
SO2_lag_30,0.0019209016497203028
O3_rolling_min_14,0.001916618635688225
SO2_rolling_std_7,0.0018866053555791893
PM10_lag_30,0.0018851004782479664
NO2_lag_3,0.0018768818311434732
PM10_lag_3,0.0018735010499951017
CO_NO2_ratio,0.0018476691530696936
O3_rolling_mean_14,0.001844042589887969
CO_lag_1,0.001829319953744913
SO2_rolling_max_3,0.0018260774701989297
CO_pct_change_1,0.001814388725735543
PM2.5_rolling_std_7,0.0018114520084892298
PM2.5_lag_2,0.0018011023037832342
SO2_rolling_max_14,0.001798631336074814
NO2_change_1,0.0017979732053175796
NO2_rolling_max_3,0.00178926864493176
day,0.0017864296956047931
CO_lag_21,0.0017853257198544835
NO2_lag_30,0.0017809100030053517
PM2.5_lag_7,0.001770247594139433
SO2_lag_14,0.0017525063383901007
AQI_lag_14,0.0017495988031397509
PM2.5_lag_30,0.0017382343242783255
O3_rolling_std_14,0.0017294662665878022
PM10_lag_2,0.0017206969387002567
NO2_pct_change_1,0.0017204841422598395
AQI_rolling_std_7,0.0017192138057952832
CO_change_1,0.0017149792548138464
O3_rolling_mean_7,0.0017016871807127793
SO2_rolling_min_30,0.0017005167194670096
CO_change_7,0.0016931660843205957
Temperature_lag_30,0.0016882500177839992
Humidity_lag_1,0.0016785791784762196
PM10_rolling_std_7,0.0016779648368996558
Humidity_lag_30,0.001668294045786348
O3_change_1,0.0016676012884714747
PM10_rolling_min_7,0.0016318140155936747
O3_rolling_std_3,0.001629788696161585
AQI_lag_3,0.0016253561245775181
AQI_rolling_std_3,0.0016225929283819936
NO2_rolling_mean_3,0.0016158540953315594
PM10_lag_14,0.0016117017374220745
PM2.5_lag_21,0.001607608899781306
PM2.5_lag_14,0.0016064456633686623
SO2_lag_3,0.001604363320776233
SO2_rolling_std_3,0.0016034163135446985
PM10_rolling_max_14,0.0015857209143329538
SO2_change_3,0.0015792455710636015
O3_lag_3,0.0015724803105229038
AQI_lag_21,0.0015690510522325836
PM10_rolling_min_14,0.0015651293265899543
O3_rolling_std_7,0.0015495470519948527
CO_lag_3,0.0015482279369141362
O3_lag_2,0.0015459354454741003
NO2_lag_14,0.0015369776134684877
NO2_change_3,0.0015279330753919145
NO2_pct_change_7,0.001523513970932571
O3_rolling_max_7,0.0015183603608462316
Humidity_lag_2,0.0014971649270369973
SO2_lag_7,0.0014968968647439797
PM10_lag_7,0.001492773064457031
CO_change_3,0.0014847777960002501
SO2_pct_change_1,0.0014809820532153757
O3_pct_change_1,0.0014773244812021418
O3_lag_14,0.0014735774332127769
NO2_lag_7,0.0014657928837481544
NO2_lag_2,0.001462338990042833
SO2_lag_21,0.0014588467121942842
Humidity_lag_3,0.001456435270198466
PM10_lag_21,0.0014507371812614168
CO_pct_change_7,0.0014504726612574789
CO_lag_14,0.0014477418013599233
SO2_change_7,0.0014387583802459387
O3_rolling_max_14,0.0014323192582565082
NO2_change_7,0.0014244153918368642
NO2_rolling_std_3,0.0014227906309683361
NO2_rolling_min_3,0.001412962502907729
SO2_rolling_max_30,0.0013774771273269708
O3_lag_21,0.0013725319097304858
O3_lag_7,0.0013693395662932543
NO2_O3_ratio,0.0013428928678501449
SO2_pct_change_7,0.001341416470021322
SO2_lag_2,0.001309113591871896
NO2_lag_21,0.0013073771014620993
PM10_rolling_min_30,0.0013021144891704373
O3_rolling_min_7,0.00129593240560289
NO2_rolling_min_30,0.0012954012061805523
NO2_lag_1,0.0012919838990558406
O3_rolling_min_30,0.0012662915006958608
month_sin,0.0011871011797853692
month,0.001172537311801189
PM2.5_lag_3,0.0011696611921305214
O3_rolling_max_30,0.001140187397432044
SO2_lag_1,0.0010359677695129584
dow_sin,0.0007293240131209885
day_of_week,0.0006876113734153342
dow_cos,0.0005255174237087231
Precipitation,0.00024174728851382652
is_weekend,0.00018552307411108483
