Model,Horizon,MAE,RMSE,R2
Baseline,AQI_t+1,7.951492537313433,10.970260992509754,0.47108141064641607
Baseline,AQI_t+2,10.96377487562189,14.728693863930921,0.041347535776762534
Baseline,AQI_t+3,12.449626865671643,16.918314366610602,-0.25571653685656615
Ridge Regression,AQI_t+1,6.8674590031629466,8.736759007957293,0.6645285051191958
Ridge Regression,AQI_t+2,12.825978505005871,16.254777267306693,-0.1676018324009667
Ridge Regression,AQI_t+3,14.04466927560499,17.784060953301445,-0.3875201825753476
Random Forest,AQI_t+1,5.669587375621892,7.964709762357666,0.7211986835181574
Random Forest,AQI_t+2,9.185937810945275,12.334908033181014,0.3276358428728958
Random Forest,AQI_t+3,9.900333955223882,13.292059110498025,0.2248924619764826
XGBoost,AQI_t+1,4.868724519340554,6.984490663875386,0.7856001913565241
XGBoost,AQI_t+2,9.027345557711017,12.40390810969972,0.32009254587322744
XGBoost,AQI_t+3,10.020628886436349,13.638511944805659,0.18396007099374434
